{
	"credit": "Made with Blockbench | By mariyt",
	"textures": {
		"0": "item/milk",
		"particle": "item/milk"
	},
	"elements": [
		{
			"from": [5.65, 0, 6],
			"to": [10.02, 6, 9],
			"faces": {
				"north": {"uv": [0, 0, 4, 6], "texture": "#0"},
				"east": {"uv": [4, 6, 7, 12], "texture": "#0"},
				"south": {"uv": [0, 0, 4, 6], "texture": "#0"},
				"west": {"uv": [4, 0, 7, 6], "texture": "#0"},
				"up": {"uv": [0, 6, 4, 9], "texture": "#0"},
				"down": {"uv": [0, 6, 4, 9], "texture": "#0"}
			}
		},
		{
			"from": [6.7, 4.7, 6.1],
			"to": [9.55, 7.3, 8.9],
			"rotation": {"angle": -45, "axis": "z", "origin": [8, 6, 7]},
			"faces": {
				"north": {"uv": [7, 3.25, 9.85, 6.1], "rotation": 90, "texture": "#0"},
				"east": {"uv": [7, 0, 9.85, 2.9], "rotation": 270, "texture": "#0"},
				"south": {"uv": [7, 3.25, 9.85, 6.1], "rotation": 270, "texture": "#0"},
				"west": {"uv": [7, 0, 9.85, 2.9], "rotation": 270, "texture": "#0"},
				"up": {"uv": [7, 0, 9.9, 2.85], "rotation": 270, "texture": "#0"},
				"down": {"uv": [7, 0, 9.9, 2.85], "rotation": 270, "texture": "#0"}
			}
		},
		{
			"from": [8.58579, 6.68629, 7],
			"to": [9.58579, 7.38629, 8],
			"rotation": {"angle": -45, "axis": "z", "origin": [9, 7, 8]},
			"faces": {
				"north": {"uv": [10, 0, 11, 0.8], "texture": "#0"},
				"east": {"uv": [10, 0, 11, 1], "texture": "#0"},
				"south": {"uv": [10, 0, 11, 0.8], "texture": "#0"},
				"west": {"uv": [10, 0, 11, 0.8], "texture": "#0"},
				"up": {"uv": [10, 0, 11, 1], "texture": "#0"},
				"down": {"uv": [10, 0, 11, 1], "texture": "#0"}
			}
		},
		{
			"from": [-0.1, 10.7, 6.01],
			"to": [2.9, 11.2, 8.99],
			"rotation": {"angle": -45, "axis": "z", "origin": [0, 0, 0]},
			"faces": {
				"north": {"uv": [9.5, 0, 10, 3], "rotation": 90, "texture": "#0"},
				"east": {"uv": [9.5, 0, 10, 2.98], "rotation": 270, "texture": "#0"},
				"south": {"uv": [9.5, 0, 10, 3], "rotation": 270, "texture": "#0"},
				"west": {"uv": [9.5, 0, 10, 2.98], "rotation": 270, "texture": "#0"},
				"up": {"uv": [7, 0, 9.98, 3], "rotation": 270, "texture": "#0"},
				"down": {"uv": [7, 0, 9.98, 3], "rotation": 270, "texture": "#0"}
			}
		},
		{
			"from": [8.2, -0.3, 6.01],
			"to": [11.2, 0.2, 8.99],
			"rotation": {"angle": 45, "axis": "z", "origin": [0, 0, 0]},
			"faces": {
				"north": {"uv": [9.5, 0, 10, 3], "rotation": 90, "texture": "#0"},
				"east": {"uv": [9.5, 0, 10, 2.98], "rotation": 270, "texture": "#0"},
				"south": {"uv": [9.5, 0, 10, 3], "rotation": 270, "texture": "#0"},
				"west": {"uv": [9.5, 0, 10, 2.98], "rotation": 270, "texture": "#0"},
				"up": {"uv": [7, 0, 9.98, 3], "rotation": 270, "texture": "#0"},
				"down": {"uv": [7, 0, 9.98, 3], "rotation": 270, "texture": "#0"}
			}
		}
	],
	"display": {
		"thirdperson_righthand": {
			"rotation": [0, -36, 0],
			"translation": [0, 7.25, 3]
		},
		"thirdperson_lefthand": {
			"rotation": [0, 33, 0],
			"translation": [0, 6, 2.25]
		},
		"firstperson_righthand": {
			"rotation": [-12, -169, 0],
			"translation": [0, 6, 1.5]
		},
		"firstperson_lefthand": {
			"rotation": [-15, 0, 0],
			"translation": [0, 6.75, 1.5]
		},
		"ground": {
			"translation": [0, 4.25, 0]
		},
		"gui": {
			"rotation": [2, -26, -31],
			"translation": [4, 7.5, 0],
			"scale": [1.9, 1.9, 1.9]
		},
		"head": {
			"rotation": [35, -88, 0],
			"translation": [-0.5, -3, -7]
		},
		"fixed": {
			"translation": [0, 8, -1.75],
			"scale": [2, 2, 2]
		}
	}
}